MSE,RMSE,R2,NMSE,NDEI
193.424308849115,13.9077068148964,0.834437456511373,0.165562543488627,0.406893774207258
